date,close
2026-06-12,160.95
2026-06-15,192.5
2026-06-16,211.39
2026-06-17,191.82
2026-06-18,185.0
2026-06-22,154.6
2026-06-23,156.11
2026-06-24,154.54
2026-06-25,153.0
2026-06-26,153.23
2026-06-29,164.19
2026-06-30,170.86
2026-07-01,157.54
2026-07-02,162.0
2026-07-06,160.42
2026-07-07,149.47
2026-07-08,148.3
2026-07-09,152.16
2026-07-10,145.3
2026-07-13,139.14
2026-07-14,136.08
2026-07-15,135.27
2026-07-16,131.11
2026-07-17,123.99
2026-07-20,119.85
2026-07-21,127.63
2026-07-22,115.26
2026-07-23,118.24
2026-07-24,115.07
2026-07-27,113.5
2026-07-28,116.41
2026-07-29,112.55
2026-07-30,112.2
2026-07-31,108.37
2026-08-03,110.67
2026-08-04,125.33
2026-08-05,108.27
2026-08-06,114.92
2026-08-07,133.11
2026-08-10,138.74
2026-08-11,133.29
2026-08-12,146.15
2026-08-13,141.29
2026-08-14,140.0
2026-08-17,146.23
2026-08-18,143.34
2026-08-19,139.65
2026-08-20,134.0
2026-08-21,136.97
